Datum,Tijd,Product,ISIN,Beurs,Uitvoeringsplaats,Aantal,Koers,,Lokale waarde,,Waarde EUR,Wisselkoers,AutoFX Kosten,Transactiekosten en/of kosten van derden EUR,Totaal EUR,Order ID,
06-07-2026,16:51,KRAFT HEINZ CO,US5007541064,NDQ,ARCX,8,"24,5000",USD,"-196,00",USD,"-171,74","1,1413","-0,43","-2,00","-174,16",,96f5908a-6519-4757-b822-360a1b3cb82d
06-07-2026,15:44,TESLA INC,US88160R1014,NDQ,BATS,1,"398,0000",USD,"-398,00",USD,"-348,61","1,1417","-0,87","-2,00","-351,48",,4474dbb9-1e80-443f-9bc3-8ba4741fee32
02-07-2026,19:42,VELO3D INC,US92259N3026,NDQ,EDGX,-10,"15,5000",USD,"155,00",USD,"135,61","1,1430","-0,34","-2,00","133,27",,23bd6874-77b6-4312-8d07-d99861ba118e
30-06-2026,15:33,VELO3D INC,US92259N3026,NDQ,XNYS,10,"19,2200",USD,"-192,20",USD,"-168,60","1,1400","-0,42","-2,00","-171,02",,0db8d2a1-545e-472c-b503-d492d32767ff
24-06-2026,12:01,VANECK MS DEVELOPED MARKETS DIV LEAD UCITS ETF,NL0011683594,EAM,XAMS,4,"52,0800",EUR,"-208,32",EUR,"-208,32",,"0,00","-3,00","-211,32",,89d6f0e6-59b3-4d82-b1ba-a2adb53d4d06
23-06-2026,21:10,TESLA INC,US88160R1014,NDQ,SOHO,1,"380,5300",USD,"-380,53",USD,"-334,33","1,1382","-0,84","-2,00","-337,16",,7dd2a7c8-113d-4c16-8d4b-2ddcb4e590d4
12-06-2026,13:03,SPACE EXPLORATION TECHNOLOGIES CORP CLASS A,US84615Q1031,NDQ,,1,"135,0000",USD,"-135,00",USD,"-116,48","1,1590","0,00",,"-116,48",,
12-06-2026,13:03,SPACEX - IPO SUBSCRIPTION - NON TRADEABLE,US0IPOSPACEX,DEG,,-1,"116,6607",EUR,"116,66",EUR,"116,66",,"0,00",,"116,66",,
12-06-2026,00:00,SPACEX - IPO SUBSCRIPTION - NON TRADEABLE,US0IPOSPACEX,DEG,,1,"0,0000",EUR,"0,00",EUR,"0,00",,"0,00",,"0,00",,
11-06-2026,15:36,TESLA INC,US88160R1014,NDQ,MSRP,1,"381,1750",USD,"-381,18",USD,"-330,57","1,1531","-0,83","-2,00","-333,39",,b0e9fa85-de55-4810-b5d6-3fe7b0932d3c
09-06-2026,17:29,PALANTIR TECHNOLOGIES INC CLASS A,US69608A1088,NDQ,XNAS,2,"131,0000",USD,"-262,00",USD,"-226,68","1,1558","-0,57","-2,00","-229,25",,0f9f9986-53df-4775-9dd6-cf71b70c0a3a
05-06-2026,21:16,SOLANA,,TRD,TRDS,,"53,4990",EUR,"-514,41",EUR,"-514,41",,"0,00","-1,49","-515,90",,714999ce-d02d-46df-83bc-9919fbe2b862
05-06-2026,19:40,TESLA INC,US88160R1014,NDQ,JNST,1,"396,9382",USD,"-396,94",USD,"-344,39","1,1526","-0,86","-2,00","-347,25",,5d6ec2ca-96f6-45ab-8a61-92eb132ddeec
04-06-2026,21:56,EIGHTCO HOLDINGS INC (PRE-REINCORPORATION),US22890A3023,NDQ,ARCX,128,"0,9800",USD,"-125,44",USD,"-108,03","1,1612","-0,27",,"-108,30",ab8c8450-a57d-475c-925b-de761faa4e85
04-06-2026,21:56,EIGHTCO HOLDINGS INC (PRE-REINCORPORATION),US22890A3023,NDQ,ARCX,172,"0,9800",USD,"-168,56",USD,"-145,16","1,1612","-0,36","-2,00","-147,52",ab8c8450-a57d-475c-925b-de761faa4e85
02-06-2026,21:32,INFLEQTION INC,US45676K1034,NSY,XNYS,-7,"19,9000",USD,"139,30",USD,"119,76","1,1632","-0,30","-2,00","117,46",04698ac6-1e2f-47c9-84c9-66d06e5e6c0f
02-06-2026,18:19,AMERICAS GOLD AND SILVER CORPORATION,CA03062D8035,ASE,BATS,100,"6,4200",USD,"-642,00",USD,"-551,74","1,1636","-1,38","-2,00","-555,12",5479ad4a-5dd2-4964-bdd0-c5542380a4f5
02-06-2026,15:50,VANECK SEMICONDUCTOR UCITS ETF USD A,IE00BMC38736,LSE,XLON,-4,"115,0000",USD,"460,00",USD,"395,12","1,1642","-0,99","-3,00","391,14",8fa5c135-6eaf-42ea-b215-3caba6167cba
27-05-2026,17:11,AST SPACEMOBILE INC CLASS A,US00217D1000,NDQ,ARCX,-2,"127,5000",USD,"255,00",USD,"219,22","1,1632","-0,55","-2,00","216,68",b89da47e-156d-4869-aecb-6a6e1704fdd6
22-05-2026,10:19,VANECK MS DEVELOPED MARKETS DIV LEAD UCITS ETF,NL0011683594,EAM,XAMS,4,"53,4500",EUR,"-213,80",EUR,"-213,80",,"0,00","-3,00","-216,80",2463aa40-8438-4f2e-ad77-a47981742774
21-05-2026,19:35,INFLEQTION INC,US45676K1034,NSY,CDED,20,"14,8400",USD,"-296,80",USD,"-255,45","1,1619","-0,64","-2,00","-258,08",26db1e0e-033e-45ef-b119-14f7d90fe931
12-05-2026,19:19,HIMS & HERS HEALTH INC CLASS A,US4330001060,NSY,ARCX,15,"25,1600",USD,"-377,40",USD,"-321,69","1,1732","-0,80","-2,00","-324,49",efd94fec-c3df-4f1d-9912-45af0ef2194c
11-05-2026,16:52,FLUENCE ENERGY INC CLASS A,US34379V1035,NDQ,XNAS,-20,"25,5000",USD,"510,00",USD,"432,87","1,1782","-1,08","-2,00","429,78",e669b504-157e-4185-bf5a-512bb813a263
06-05-2026,16:33,VANECK SEMICONDUCTOR UCITS ETF USD A,IE00BMC38736,LSE,BATE,-6,"97,0100",USD,"582,06",USD,"495,20","1,1754","-1,24","-3,00","490,97",6475f37b-48da-4bca-b58d-38162ef06e1a
24-04-2026,14:45,ADYEN NV,NL0012969182,EAM,XAMS,1,"1008,8000",EUR,"-1008,80",EUR,"-1008,80",,"0,00","-3,00","-1011,80",7ee47eb9-db8a-49a3-9887-5cabde017fbd
24-04-2026,12:33,VANECK MS DEVELOPED MARKETS DIV LEAD UCITS ETF,NL0011683594,EAM,XAMS,4,"52,4100",EUR,"-209,64",EUR,"-209,64",,"0,00","-3,00","-212,64",2667287c-cf69-4268-93f6-f15b42038a46
22-04-2026,16:11,SOLANA,,TRD,TRDS,,"76,1140",EUR,"-250,26",EUR,"-250,26",,"0,00","-0,73","-250,99",ce7fc350-bd3f-40ba-9910-d9b0a009c79a
15-04-2026,15:53,HIMS & HERS HEALTH INC CLASS A,US4330001060,NSY,XNAS,10,"21,6000",USD,"-216,00",USD,"-183,28","1,1785","-0,46","-2,00","-185,74",d585fdd6-478b-4229-a601-ae34feb34609
31-03-2026,09:08,VANECK SEMICONDUCTOR UCITS ETF USD A,IE00BMC38736,LSE,XLON,8,"63,5000",USD,"-508,00",USD,"-442,82","1,1472","-1,11","-3,00","-446,93",9fe28eb7-cae0-4d8b-a127-bdee74d104c2
30-03-2026,20:50,TESLA INC,US88160R1014,NDQ,XNAS,2,"355,0000",USD,"-710,00",USD,"-619,28","1,1465","-1,55","-2,00","-622,83",edbaf558-8753-4c50-9eb8-7f282bb9c073
24-03-2026,13:43,VANECK MS DEVELOPED MARKETS DIV LEAD UCITS ETF,NL0011683594,EAM,XAMS,4,"50,8900",EUR,"-203,56",EUR,"-203,56",,"0,00","-3,00","-206,56",47271bdc-347d-4750-a66b-3e4680896a22
24-03-2026,13:42,VANECK SEMICONDUCTOR UCITS ETF USD A,IE00BMC38736,LSE,HRSI,4,"68,3600",USD,"-273,44",USD,"-236,07","1,1583","-0,59","-3,00","-239,66",a456f4ff-b554-47d6-a664-599a9af8ef52
20-03-2026,14:34,TESLA INC,US88160R1014,NDQ,XNAS,1,"375,0000",USD,"-375,00",USD,"-324,54","1,1555","-0,81","-2,00","-327,35",48841631-921e-4092-ba64-1588c114354a
16-03-2026,15:55,SOLANA,,TRD,TRDS,,"81,2080",EUR,"-217,83",EUR,"-217,83",,"0,00","-0,63","-218,46",b0cd7a43-63c3-4353-9e9b-2f19ad4d5a44
10-03-2026,19:07,FLUENCE ENERGY INC CLASS A,US34379V1035,NDQ,SOHO,20,"16,5150",USD,"-330,30",USD,"-283,76","1,1640","-0,71","-2,00","-286,47",b968e0d2-2f52-4a0e-a17c-2fe8cc43966c
27-02-2026,15:30,DUOLINGO INC CLASS A,US26603R1068,NDQ,XNAS,4,"92,0600",USD,"-368,24",USD,"-312,02","1,1802","-0,78","-2,00","-314,80",579cfe73-775b-4405-8ca3-04f31cd8dfd2
24-02-2026,15:36,HIMS & HERS HEALTH INC CLASS A,US4330001060,NSY,XNYS,30,"14,1400",USD,"-424,20",USD,"-360,23","1,1776","-0,90","-2,00","-363,13",f0eb36d7-4bbb-43a3-aefd-e6f2b1aa36b2
24-02-2026,11:29,VANECK SEMICONDUCTOR UCITS ETF USD A,IE00BMC38736,LSE,XLON,4,"73,1400",USD,"-292,56",USD,"-248,25","1,1785","-0,62","-3,00","-251,87",c5728853-1410-47b6-87cb-0cef1aee674c
24-02-2026,11:24,VANECK MS DEVELOPED MARKETS DIV LEAD UCITS ETF,NL0011683594,EAM,XAMS,4,"52,4200",EUR,"-209,68",EUR,"-209,68",,"0,00","-3,00","-212,68",f97d84f2-4ee8-467a-bb63-bc7c397cd65c
06-02-2026,15:34,DUOLINGO INC CLASS A,US26603R1068,NDQ,ARCX,2,"119,0000",USD,"-238,00",USD,"-201,37","1,1819","-0,50","-2,00","-203,88",0b511f07-4af6-46f8-b537-9fbd0a04e67b
05-02-2026,14:26,SOLANA,,TRD,,4,"74,9890",EUR,"-299,96",EUR,"-299,96",,"0,00","-0,87","-300,83",fc86dee9-574b-441d-bb47-e011c3728841
04-02-2026,18:50,TESLA INC,US88160R1014,NDQ,XNAS,1,"400,0000",USD,"-400,00",USD,"-339,07","1,1797","-0,85","-2,00","-341,92",0c118d00-230b-4709-bad6-da9c531c94bc
04-02-2026,17:02,VANECK SEMICONDUCTOR UCITS ETF USD A,IE00BMC38736,LSE,XLON,4,"67,5000",USD,"-270,00",USD,"-228,87","1,1797","-0,57","-3,00","-232,45",8a2e299a-23d3-4a70-8d84-3e331643e093
03-02-2026,18:30,HIMS & HERS HEALTH INC CLASS A,US4330001060,NSY,XNYS,20,"25,0000",USD,"-500,00",USD,"-423,09","1,1818","-1,06","-2,00","-426,14",7d05d02c-a4c6-4eae-abd7-a85cdd0e787a
28-01-2026,18:47,TESLA INC,US88160R1014,NDQ,SOHO,1,"433,6696",USD,"-433,67",USD,"-363,42","1,1933","-0,91","-2,00","-366,33",9bbf1c05-0833-4c73-a6b3-89f256b9ea98
23-01-2026,15:37,DUOLINGO INC CLASS A,US26603R1068,NDQ,EDGX,2,"158,7000",USD,"-317,40",USD,"-270,27","1,1744","-0,68","-2,00","-272,94",af5547a6-987e-40e2-b47b-8218960188ec
23-01-2026,15:35,AST SPACEMOBILE INC CLASS A,US00217D1000,NDQ,CDED,-2,"117,2100",USD,"234,42",USD,"199,61","1,1744","-0,50","-2,00","197,11",dbb608a7-756e-46d6-ae3b-778d4d8d4c66
23-01-2026,09:40,VANECK MS DEVELOPED MARKETS DIV LEAD UCITS ETF,NL0011683594,EAM,XAMS,4,"48,9200",EUR,"-195,68",EUR,"-195,68",,"0,00","-3,00","-198,68",9e3eb920-4a48-4871-bf20-d2d8a336558a
23-01-2026,09:39,VANECK SEMICONDUCTOR UCITS ETF USD A,IE00BMC38736,LSE,BATE,3,"70,5700",USD,"-211,71",USD,"-180,35","1,1739","-0,45","-3,00","-183,80",3873cabc-1de3-473b-a6df-2ce7c412275c
16-01-2026,15:59,VANECK SEMICONDUCTOR UCITS ETF USD A,IE00BMC38736,LSE,HRSI,3,"70,3200",USD,"-210,96",USD,"-181,58","1,1618","-0,45","-3,00","-185,04",d2e3ce1e-f0c2-4268-8f44-28fd7c158b27
14-01-2026,15:48,SOLANA,,TRD,TRDS,2,"126,1080",EUR,"-252,22",EUR,"-252,22",,"0,00","-0,73","-252,95",9b7e1ac8-c53a-460d-8753-a3f8d5813911
12-01-2026,16:38,SOLANA,,TRD,TRDS,2,"121,5400",EUR,"-243,08",EUR,"-243,08",,"0,00","-0,70","-243,78",cfca708f-7d89-423b-8229-09e08060b7e5
07-01-2026,16:33,AST SPACEMOBILE INC CLASS A,US00217D1000,NDQ,EDGX,-2,"92,5000",USD,"185,00",USD,"158,26","1,1690","-0,40","-2,00","155,86",c6fbc52e-bf0c-4bf2-a96c-d4f2a608da05
04-01-2026,10:22,SOLANA,,TRD,TRDS,2,"114,7440",EUR,"-229,49",EUR,"-229,49",,"0,00","-0,67","-230,16",a65835a0-cc74-4313-bfad-cd587de3650d
22-12-2025,12:31,VANECK MS DEVELOPED MARKETS DIV LEAD UCITS ETF,NL0011683594,EAM,XAMS,3,"47,5500",EUR,"-142,65",EUR,"-142,65",,"0,00","-3,00","-145,65",43e90910-9a03-4ccf-956a-5e92a2c0aefa
10-12-2025,21:11,SOLANA,,TRD,TRDS,1,"119,7630",EUR,"-119,76",EUR,"-119,76",,"0,00","-0,35","-120,11",5fc60b58-7aea-450a-8575-70791546bfa3
26-11-2025,11:15,SOLANA,,TRD,TRDS,1,"118,6070",EUR,"-118,61",EUR,"-118,61",,"0,00","-0,34","-118,95",9bc0af56-d55e-419f-9f14-9045434c2cde
24-11-2025,12:20,VANECK MS DEVELOPED MARKETS DIV LEAD UCITS ETF,NL0011683594,EAM,XAMS,4,"45,9400",EUR,"-183,76",EUR,"-183,76",,"0,00","-3,00","-186,76",067e7541-7bc1-4086-8ad0-e302d699537d
21-11-2025,15:43,AST SPACEMOBILE INC CLASS A,US00217D1000,NDQ,EDGX,3,"52,5000",USD,"-157,50",USD,"-136,79","1,1514","-0,34","-2,00","-139,13",e6571a07-4470-40da-aaaf-a03dacb104e2
14-11-2025,15:36,AST SPACEMOBILE INC CLASS A,US00217D1000,NDQ,SOHO,6,"60,2000",USD,"-361,20",USD,"-310,50","1,1633","-0,78","-2,00","-313,27",259d323d-4551-460d-8acd-648c63cda511
14-11-2025,15:34,STRATEGY INC CLASS A,US5949724083,NDQ,EDGX,-2,"197,7000",USD,"395,40",USD,"339,84","1,1635","-0,85","-2,00","336,99",61713ee1-acf1-4959-ac83-efbb5428a29f
14-11-2025,15:33,DUOLINGO INC CLASS A,US26603R1068,NDQ,ARCX,2,"187,4700",USD,"-374,94",USD,"-322,25","1,1635","-0,81","-2,00","-325,06",2a06be85-fab3-4293-b878-c899083417d9
14-11-2025,15:32,CLEANSPARK INC,US18452B2097,NDQ,EDGX,-25,"11,0000",USD,"275,00",USD,"236,32","1,1637","-0,59","-2,00","233,73",c626fa1d-52a0-4fa6-ab12-49f0aa5b6cd1
06-11-2025,16:27,DUOLINGO INC CLASS A,US26603R1068,NDQ,BATS,2,"185,0000",USD,"-370,00",USD,"-320,85","1,1532","-0,80","-2,00","-323,65",48c198b4-e918-4734-97f3-9a78ccf086a2
04-11-2025,15:36,AST SPACEMOBILE INC CLASS A,US00217D1000,NDQ,EDGX,-15,"68,0000",USD,"1020,00",USD,"888,82","1,1476","-2,22","-2,00","884,59",02d182a9-8414-4579-837e-05c1d57423b0
04-11-2025,15:31,STRATEGY INC CLASS A,US5949724083,NDQ,SOHO,-3,"256,1900",USD,"768,57",USD,"669,55","1,1479","-1,67","-2,00","665,87",7f6b6473-9fdb-49f9-9180-5f3b86fbcf28
31-10-2025,15:19,AST SPACEMOBILE INC CLASS A,US00217D1000,NDQ,ARCX,13,"79,4100",USD,"-1032,33",USD,"-895,27","1,1531","-2,24",,"-897,51",568a1dbc-9751-432b-a88d-21227a5f87b3
31-10-2025,15:19,AST SPACEMOBILE INC CLASS A,US00217D1000,NDQ,ARCX,2,"79,4000",USD,"-158,80",USD,"-137,72","1,1531","-0,34","-2,00","-140,06",568a1dbc-9751-432b-a88d-21227a5f87b3
31-10-2025,15:08,STRATEGY INC CLASS A,US5949724083,NDQ,ARCX,3,"270,0000",USD,"-810,00",USD,"-702,15","1,1536","-1,76","-2,00","-705,91",4b2d8477-77e1-4bed-9ba6-7d80b40f5f45
31-10-2025,09:59,VANECK MS DEVELOPED MARKETS DIV LEAD UCITS ETF,NL0011683594,EAM,XAMS,3,"45,0950",EUR,"-135,28",EUR,"-135,28",,"0,00",,"-135,28",a007393a-8081-44d0-8cda-158217ee3297
31-10-2025,09:49,VANECK MS DEVELOPED MARKETS DIV LEAD UCITS ETF,NL0011683594,EAM,XAMS,3,"45,0950",EUR,"-135,28",EUR,"-135,28",,"0,00","-3,00","-138,28",a007393a-8081-44d0-8cda-158217ee3297
29-10-2025,15:32,CLEANSPARK INC,US18452B2097,NDQ,XNAS,-50,"19,2500",USD,"962,50",USD,"826,68","1,1643","-2,07","-2,00","822,62",770aa5c6-a421-416c-8c36-c241077e3600
29-10-2025,15:18,HIMS & HERS HEALTH INC CLASS A,US4330001060,NSY,CDED,33,"47,2300",USD,"-1558,59",USD,"-1339,35","1,1637","-3,35","-2,00","-1344,70",b9b9d4a2-790a-4ef7-9848-f61c545161b0
29-10-2025,14:55,CLEANSPARK INC,US18452B2097,NDQ,EDGX,50,"20,0500",USD,"-1002,50",USD,"-861,48","1,1637","-2,15","-2,00","-865,64",c1c72712-64c6-4c5a-90e6-b9585b990cbd
28-10-2025,20:18,CLEANSPARK INC,US18452B2097,NDQ,BATS,-60,"19,7400",USD,"1184,40",USD,"1015,44","1,1664","-2,54","-2,00","1010,90",fbfb318c-e1d5-47d1-b04a-d70047145f0b
28-10-2025,15:47,TESLA INC,US88160R1014,NDQ,BATS,-2,"462,5000",USD,"925,00",USD,"793,45","1,1658","-1,98","-2,00","789,47",e8ac91ab-cab3-4a30-afc0-b5a4ac221e7a
28-10-2025,14:33,CLEANSPARK INC,US18452B2097,NDQ,BATS,60,"20,4400",USD,"-1226,40",USD,"-1054,43","1,1631","-2,64","-2,00","-1059,07",5862f948-fa7f-4bd3-a789-6f378dd1b10d
27-10-2025,16:02,CLEANSPARK INC,US18452B2097,NDQ,ARCX,-1,"19,6500",USD,"19,65",USD,"16,88","1,1640","-0,04",,"16,84",a6bcd705-6d1f-49f1-824e-76cbccb71ca1
27-10-2025,16:02,CLEANSPARK INC,US18452B2097,NDQ,ARCX,-58,"19,6500",USD,"1139,70",USD,"979,13","1,1640","-2,45",,"976,68",a6bcd705-6d1f-49f1-824e-76cbccb71ca1
27-10-2025,16:01,CLEANSPARK INC,US18452B2097,NDQ,ARCX,-1,"19,6500",USD,"19,65",USD,"16,88","1,1640","-0,04","-2,00","14,84",a6bcd705-6d1f-49f1-824e-76cbccb71ca1
27-10-2025,15:18,TESLA INC,US88160R1014,NDQ,BATS,3,"447,5000",USD,"-1342,50",USD,"-1153,75","1,1636","-2,88","-2,00","-1158,64",406cbecd-9809-4273-ae33-7c66ce3ca8d7
24-10-2025,21:40,HIMS & HERS HEALTH INC CLASS A,US4330001060,NSY,XNAS,-25,"49,0800",USD,"1227,00",USD,"1055,22","1,1628","-2,64","-2,00","1050,58",840c2e77-911d-45e0-baa9-20a819a39d61
24-10-2025,16:06,HIMS & HERS HEALTH INC CLASS A,US4330001060,NSY,BATS,25,"50,2500",USD,"-1256,25",USD,"-1080,74","1,1624","-2,70","-2,00","-1085,45",64b3291c-c715-42b7-86c4-8acef471f8a4
24-10-2025,15:55,CLEANSPARK INC,US18452B2097,NDQ,JNST,60,"18,7292",USD,"-1123,75",USD,"-966,67","1,1625","-2,42","-2,00","-971,09",97f0611d-8190-4b62-9b9e-ec0034b1a294
23-10-2025,19:53,TESLA INC,US88160R1014,NDQ,EDGX,-3,"447,0000",USD,"1341,00",USD,"1155,05","1,1610","-2,89","-2,00","1150,16",731197a3-5954-4540-b095-04d45b8acd1b
23-10-2025,17:38,STRATEGY INC CLASS A,US5949724083,NDQ,XNAS,2,"286,0000",USD,"-572,00",USD,"-492,77","1,1608","-1,23","-2,00","-496,00",5d8a76ce-027c-404c-b61d-c5c538eda08d
23-10-2025,16:22,STRATEGY INC CLASS A,US5949724083,NDQ,BATS,-3,"280,0000",USD,"840,00",USD,"723,52","1,1610","-1,81","-2,00","719,71",2c679a0c-6904-43a1-93cd-9d1e3d7c8ba9
23-10-2025,16:05,TESLA INC,US88160R1014,NDQ,CDED,4,"424,9600",USD,"-1699,84",USD,"-1463,87","1,1612","-3,66","-2,00","-1469,53",61be3762-9b05-4561-94d7-5e9e59609e91
22-10-2025,21:45,HIMS & HERS HEALTH INC CLASS A,US4330001060,NSY,XNAS,17,"47,5500",USD,"-808,35",USD,"-696,44","1,1607","-1,74","-2,00","-700,18",efe69139-41f3-47a3-81fe-72c9865bceda
22-10-2025,20:59,TESLA INC,US88160R1014,NDQ,CDED,3,"436,2600",USD,"-1308,78",USD,"-1127,39","1,1609","-2,82","-2,00","-1132,21",f3fad6e7-05ad-4c1b-9cc8-dfc7fbbe3be0
22-10-2025,16:27,STRATEGY INC CLASS A,US5949724083,NDQ,ARCX,-4,"290,5000",USD,"1162,00",USD,"1001,90","1,1598","-2,50","-2,00","997,40",6750c29a-9a99-4382-a74a-b0a7915f8f8d
22-10-2025,16:14,TESLA INC,US88160R1014,NDQ,CDED,-3,"439,0350",USD,"1317,10",USD,"1136,03","1,1594","-2,84","-2,00","1131,19",77d243f5-b917-4863-be00-cbf3891a8caa
22-10-2025,16:09,HIMS & HERS HEALTH INC CLASS A,US4330001060,NSY,CDED,-17,"47,8400",USD,"813,28",USD,"701,47","1,1594","-1,75","-2,00","697,72",c619b04d-ed43-4c3a-921a-ed63e6b2fe25
21-10-2025,16:12,STRATEGY INC CLASS A,US5949724083,NDQ,EDGX,2,"296,5500",USD,"-593,10",USD,"-510,77","1,1612","-1,28","-2,00","-514,04",dfe41ab8-c8a7-463e-8b1e-9b4dda414023
20-10-2025,20:33,AST SPACEMOBILE INC CLASS A,US00217D1000,NDQ,XNYS,-10,"84,0000",USD,"840,00",USD,"721,34","1,1645","-1,80","-2,00","717,54",0313ba42-f985-40dd-a9c2-e784bd22138e
20-10-2025,16:02,STRATEGY INC CLASS A,US5949724083,NDQ,XNAS,3,"304,1700",USD,"-912,51",USD,"-783,41","1,1648","-1,96","-2,00","-787,37",d0a8ecc9-163f-4bf8-b30f-40370efccd27
20-10-2025,16:01,AST SPACEMOBILE INC CLASS A,US00217D1000,NDQ,CDED,10,"89,4800",USD,"-894,80",USD,"-768,21","1,1648","-1,92","-2,00","-772,13",58a9b0a4-94e3-4795-833c-7c128db80891
17-10-2025,21:55,HIMS & HERS HEALTH INC CLASS A,US4330001060,NSY,SOHO,10,"50,5700",USD,"-505,70",USD,"-433,41","1,1668","-1,08","-2,00","-436,49",8704b31a-df47-4016-902b-7f83bedd4668
17-10-2025,21:55,TESLA INC,US88160R1014,NDQ,XNAS,-2,"439,0000",USD,"878,00",USD,"752,49","1,1668","-1,88","-2,00","748,61",69fd5813-0526-4838-990a-7ddec5d9081a
17-10-2025,16:07,TESLA INC,US88160R1014,NDQ,CDED,2,"434,2200",USD,"-868,44",USD,"-744,81","1,1660","-1,86","-2,00","-748,67",b5dbbcdd-a994-4a84-b41b-c1384f2dc7cd
17-10-2025,16:01,HIMS & HERS HEALTH INC CLASS A,US4330001060,NSY,CDED,-10,"53,2600",USD,"532,60",USD,"456,27","1,1673","-1,14","-2,00","453,13",3e46818d-391a-4132-8038-bdad3ad76795
16-10-2025,19:00,STRATEGY INC CLASS A,US5949724083,NDQ,ARCX,2,"291,7200",USD,"-583,44",USD,"-499,61","1,1678","-1,25","-2,00","-502,86",a0b26e89-c1ab-41c7-94bb-b260da26e14b
16-10-2025,18:58,HIMS & HERS HEALTH INC CLASS A,US4330001060,NSY,CDED,10,"59,4950",USD,"-594,95",USD,"-509,47","1,1678","-1,27","-2,00","-512,74",a142fefb-7211-4213-a788-d63161ca9fca
16-10-2025,16:15,STRATEGY INC CLASS A,US5949724083,NDQ,XNAS,-2,"297,6400",USD,"595,28",USD,"510,36","1,1664","-1,28","-2,00","507,08",04c3cd1e-cb55-479c-b725-f21b26d066e8
16-10-2025,16:10,HIMS & HERS HEALTH INC CLASS A,US4330001060,NSY,SOHO,-10,"61,7300",USD,"617,30",USD,"529,42","1,1660","-1,32","-2,00","526,10",e005f929-40ed-4b97-b4f8-fa00ed9c3b7e
15-10-2025,21:13,HIMS & HERS HEALTH INC CLASS A,US4330001060,NSY,XNYS,-6,"64,9000",USD,"389,40",USD,"334,62","1,1637","-0,84","-2,00","331,79",0fabe82a-1f46-4cb9-a80b-dd18ab8cf670
15-10-2025,19:52,HIMS & HERS HEALTH INC CLASS A,US4330001060,NSY,EDGX,-10,"59,0000",USD,"590,00",USD,"507,36","1,1629","-1,27","-2,00","504,09",58532ff5-de7b-4fff-abba-c1e924a51440
15-10-2025,19:16,STRATEGY INC CLASS A,US5949724083,NDQ,JNST,-2,"295,3000",USD,"590,60",USD,"507,65","1,1634","-1,27","-2,00","504,38",7b3136e8-24ce-4f6c-99a1-35959008d6bb
15-10-2025,16:49,CELULARITY INC CLASS A,US1511902041,NDQ,BATS,-24,"2,2400",USD,"53,76",USD,"46,25","1,1625","-0,12",,"46,13",dffa7c26-238e-4246-afab-c2ee7aa411f5
15-10-2025,16:21,CELULARITY INC CLASS A,US1511902041,NDQ,BATS,-76,"2,2400",USD,"170,24",USD,"146,44","1,1625","-0,37",,"146,08",dffa7c26-238e-4246-afab-c2ee7aa411f5
15-10-2025,16:21,CELULARITY INC CLASS A,US1511902041,NDQ,BATS,-5,"2,2400",USD,"11,20",USD,"9,63","1,1625","-0,02","-2,00","7,61",dffa7c26-238e-4246-afab-c2ee7aa411f5
15-10-2025,16:01,STRATEGY INC CLASS A,US5949724083,NDQ,ARCX,2,"304,1000",USD,"-608,20",USD,"-523,10","1,1627","-1,31","-2,00","-526,40",1cecc66e-9e54-4463-9ca2-8edadb864ac9
14-10-2025,21:56,CELULARITY INC CLASS A,US1511902041,NDQ,XNAS,-95,"2,2800",USD,"216,60",USD,"186,63","1,1606","-0,47","-2,00","184,16",e81b85db-3330-4ada-a6d0-8681a643be7d
14-10-2025,19:17,CLEANSPARK INC,US18452B2097,NDQ,ARCX,-30,"21,9500",USD,"658,50",USD,"567,48","1,1604","-1,42","-2,00","564,06",a2d259d6-220b-4e13-b48f-86362f8e5d81
14-10-2025,16:28,CELULARITY INC CLASS A,US1511902041,NDQ,ARCX,10,"2,1500",USD,"-21,50",USD,"-18,56","1,1585","-0,05",,"-18,60",ffa52aa5-2cd3-4617-9856-45e60ae3c7e6
14-10-2025,16:28,CELULARITY INC CLASS A,US1511902041,NDQ,ARCX,1,"2,1500",USD,"-2,15",USD,"-1,86","1,1585","-0,00",,"-1,86",ffa52aa5-2cd3-4617-9856-45e60ae3c7e6
14-10-2025,16:28,CELULARITY INC CLASS A,US1511902041,NDQ,ARCX,89,"2,1500",USD,"-191,35",USD,"-165,17","1,1585","-0,41",,"-165,58",ffa52aa5-2cd3-4617-9856-45e60ae3c7e6
14-10-2025,16:28,CELULARITY INC CLASS A,US1511902041,NDQ,ARCX,100,"2,1500",USD,"-215,00",USD,"-185,59","1,1585","-0,46","-2,00","-188,05",ffa52aa5-2cd3-4617-9856-45e60ae3c7e6
14-10-2025,15:56,CLEANSPARK INC,US18452B2097,NDQ,CDED,30,"20,4500",USD,"-613,50",USD,"-529,89","1,1578","-1,32","-2,00","-533,21",4c7aca84-dc12-435a-9e01-0a32b9ec1483
13-10-2025,16:06,HIMS & HERS HEALTH INC CLASS A,US4330001060,NSY,BATS,10,"55,6000",USD,"-556,00",USD,"-480,43","1,1573","-1,20","-2,00","-483,63",848437c5-03f3-4dfe-a514-3219f63676e1
13-10-2025,09:29,SOLANA,,TRD,TRDS,1,"172,0240",EUR,"-172,02",EUR,"-172,02",,"0,00","-0,50","-172,52",ab05930d-cc2a-4563-a755-cd17aa04bb84
10-10-2025,15:38,CLEANSPARK INC,US18452B2097,NDQ,XNAS,-25,"21,9500",USD,"548,75",USD,"474,54","1,1564","-1,19","-2,00","471,35",167f9cff-b561-47cc-a849-62b161e227f7
09-10-2025,19:03,SOLANA,,TRD,TRDS,1,"188,2210",EUR,"-188,22",EUR,"-188,22",,"0,00","-0,55","-188,77",f24e87c3-cbda-4c33-814d-8aff9223d7f8
08-10-2025,15:30,AST SPACEMOBILE INC CLASS A,US00217D1000,NDQ,XNAS,-2,"84,9500",USD,"169,90",USD,"146,08","1,1631","-0,37","-2,00","143,71",154631cf-1c2c-4ead-bc56-6cbcece53852
06-10-2025,21:23,CLEANSPARK INC,US18452B2097,NDQ,XNAS,-20,"17,3000",USD,"346,00",USD,"295,40","1,1713","-0,74","-2,00","292,66",42ed8352-2561-45c0-a9bd-f83f9bc9f10b
02-10-2025,15:44,AST SPACEMOBILE INC CLASS A,US00217D1000,NDQ,XNAS,-2,"59,0000",USD,"118,00",USD,"100,62","1,1727","-0,25","-2,00","98,37",aeec30c9-0166-4af5-b6f2-c4481325cfa8
25-09-2025,10:31,SOLANA,,TRD,TRDS,1,"174,9860",EUR,"-174,99",EUR,"-174,99",,"0,00","-0,51","-175,50",54798bed-8540-43df-9db1-134e18036980
18-09-2025,20:29,CLEANSPARK INC,US18452B2097,NDQ,XNYS,-20,"13,5000",USD,"270,00",USD,"229,07","1,1787","-0,57","-2,00","226,49",f8c59d88-c428-4fe3-8e94-245957625d6d
04-09-2025,18:31,"UPEXI, INC",US39959A2050,NDQ,EDGX,-50,"6,1400",USD,"307,00",USD,"263,82","1,1637","-0,66","-2,00","261,16",ce915071-b8e6-4815-993f-e15e7b0f8370
29-08-2025,16:26,SHARPLINK INC,US8200144058,NDQ,CDED,-6,"17,6700",USD,"106,02",USD,"90,75","1,1683","-0,23","-2,00","88,52",90d112cb-9977-42df-8f7e-8a6b697d3056
20-08-2025,16:18,AST SPACEMOBILE INC CLASS A,US00217D1000,NDQ,CDED,7,"43,5150",USD,"-304,60",USD,"-261,38","1,1654","-0,65","-2,00","-264,03",1849aa79-31f9-47be-b2d4-14d7484e27c4
20-08-2025,16:17,CLEANSPARK INC,US18452B2097,NDQ,BATS,-40,"8,9800",USD,"359,20",USD,"308,17","1,1656","-0,77","-2,00","305,40",8cb0e635-1f7b-4fea-844d-761c70c1d7c0
20-08-2025,16:14,AST SPACEMOBILE INC CLASS A,US00217D1000,NDQ,XNAS,4,"43,8000",USD,"-175,20",USD,"-150,28","1,1658","-0,38","-2,00","-152,66",f7e7f552-fe82-44ec-b3ff-3523f855d556
20-08-2025,16:12,HIMS & HERS HEALTH INC CLASS A,US4330001060,NSY,JNST,3,"41,4250",USD,"-124,28",USD,"-106,61","1,1657","-0,27","-2,00","-108,88",f70c5995-30a9-4f5d-8d9b-59683a48bf24
20-08-2025,16:10,CLEANSPARK INC,US18452B2097,NDQ,CDED,-20,"9,0400",USD,"180,80",USD,"155,07","1,1659","-0,39","-2,00","152,69",3952c4c2-e8f0-44c8-a556-d63a510b34c0
15-08-2025,18:42,TESLA INC,US88160R1014,NDQ,CDED,1,"329,3900",USD,"-329,39",USD,"-281,46","1,1703","-0,70","-2,00","-284,16",4a2472ea-3242-448a-a761-ea6e0532ec47
08-08-2025,15:36,SHARPLINK INC,US8200144058,NDQ,JNST,6,"23,8700",USD,"-143,22",USD,"-122,95","1,1649","-0,31","-2,00","-125,25",c352980d-b540-45da-ae36-929fa37a7170
07-08-2025,15:33,HIMS & HERS HEALTH INC CLASS A,US4330001060,NSY,JNST,5,"52,8300",USD,"-264,15",USD,"-226,74","1,1650","-0,57","-2,00","-229,31",1ebbd8e3-31e5-417e-926b-0c583de1284f
05-08-2025,15:32,HIMS & HERS HEALTH INC CLASS A,US4330001060,NSY,JNST,5,"56,5450",USD,"-282,72",USD,"-244,79","1,1550","-0,61","-2,00","-247,40",4ad3bf66-4a6e-4815-9804-8db5a521620d
04-08-2025,16:36,HIMS & HERS HEALTH INC CLASS A,US4330001060,NSY,BATS,5,"65,0000",USD,"-325,00",USD,"-280,59","1,1583","-0,70","-2,00","-283,29",71f5f780-79b7-4b87-85b0-7a033e742d8a
04-08-2025,16:35,CM.COM NV,NL0012747059,EAM,XAMS,-60,"5,0100",EUR,"300,60",EUR,"300,60",,"0,00","-3,00","297,60",72e23d6b-a41d-4591-851d-9140a4572e8c
04-08-2025,10:44,VANECK MS DEVELOPED MARKETS DIV LEAD UCITS ETF,NL0011683594,EAM,XAMS,3,"42,7950",EUR,"-128,38",EUR,"-128,38",,"0,00","-1,00","-129,38",da936528-7f4b-443d-93ac-696c97df6162
01-08-2025,20:51,TESLA INC,US88160R1014,NDQ,CDED,1,"302,4350",USD,"-302,44",USD,"-262,08","1,1540","-0,66","-2,00","-264,73",61dee8a7-afcf-4189-a081-193b122855ef
25-07-2025,21:49,"UPEXI, INC",US39959A2050,NDQ,SOHO,30,"6,1000",USD,"-183,00",USD,"-155,83","1,1744","-0,39","-2,00","-158,21",cb3b92d6-767b-48b6-83d0-3d2b0e6ae342
24-07-2025,19:39,TESLA INC,US88160R1014,NDQ,CDED,1,"304,8050",USD,"-304,80",USD,"-258,93","1,1772","-0,65","-2,00","-261,57",73f5c096-fe46-4510-8178-d7da32a8ba7f
24-07-2025,16:25,"UPEXI, INC",US39959A2050,NDQ,CDED,20,"7,0400",USD,"-140,80",USD,"-119,62","1,1771","-0,30","-2,00","-121,92",e885a580-d9e8-4f12-ac1f-5b16fd7e4afb
09-07-2025,14:04,VANECK MS DEVELOPED MARKETS DIV LEAD UCITS ETF,NL0011683594,EAM,XAMS,3,"42,7900",EUR,"-128,37",EUR,"-128,37",,"0,00","-1,00","-129,37",b651d4d4-5145-4bb8-a540-7aca6148b8e9
07-07-2025,16:07,TESLA INC,US88160R1014,NDQ,EDGX,2,"295,0000",USD,"-590,00",USD,"-502,73","1,1736","-1,26","-2,00","-505,99",279295ba-146e-465a-aca4-a41e4620a33e
03-07-2025,15:37,CLEANSPARK INC,US18452B2097,NDQ,XNAS,-50,"12,7500",USD,"637,50",USD,"542,19","1,1758","-1,36","-2,00","538,83",71988e96-ee7e-4250-beaa-4b43fc1696ea
01-07-2025,15:42,TESLA INC,US88160R1014,NDQ,ARCX,1,"296,0000",USD,"-296,00",USD,"-250,72","1,1806","-0,63","-2,00","-253,35",ab5ba438-4b21-42c3-befb-da0666812c0d
24-06-2025,16:21,HIMS & HERS HEALTH INC CLASS A,US4330001060,NSY,CDED,5,"42,4550",USD,"-212,28",USD,"-182,79","1,1613","-0,46","-2,00","-185,25",70ae0da5-c7ff-40ce-8e3d-c0016bee4e0b
23-06-2025,10:12,CM.COM NV,NL0012747059,EAM,XAMS,30,"6,5000",EUR,"-195,00",EUR,"-195,00",,"0,00","-3,00","-198,00",84d5d127-b2ed-4638-8742-cc575187e794
20-06-2025,21:52,TESLA INC,US88160R1014,NDQ,JNST,1,"319,9500",USD,"-319,95",USD,"-277,81","1,1517","-0,69","-2,00","-280,50",a5f5872b-2a3f-43d8-861d-d82d7cb03887
05-06-2025,20:13,TESLA INC,US88160R1014,NDQ,EDGX,1,"300,0000",USD,"-300,00",USD,"-262,29","1,1438","-0,66","-2,00","-264,94",1bb07e25-61ce-4f41-9991-168da044c216
05-06-2025,12:42,CM.COM NV,NL0012747059,EAM,XAMS,15,"7,5000",EUR,"-112,50",EUR,"-112,50",,"0,00","-3,00","-115,50",23c15efc-1938-401c-895c-7b8c326193bd
20-05-2025,21:19,TESLA INC,US88160R1014,NDQ,ARCX,-1,"344,5000",USD,"344,50",USD,"305,49","1,1277","-0,76","-2,00","302,73",e829669f-6996-4c26-b02f-6bd875c0d38a
20-05-2025,21:15,TESLA INC,US88160R1014,NDQ,EDGX,-1,"344,0000",USD,"344,00",USD,"305,07","1,1276","-0,76","-2,00","302,31",a2296a78-65ad-44db-84cb-89ccb9985353
20-05-2025,09:33,CM.COM NV,NL0012747059,EAM,XAMS,15,"6,9700",EUR,"-104,55",EUR,"-104,55",,"0,00","-3,00","-107,55",7d11178e-0051-43ec-b656-7bad954486b3
02-05-2025,16:23,CLEANSPARK INC,US18452B2097,NDQ,CDED,100,"8,8900",USD,"-889,00",USD,"-782,51","1,1361","-1,96","-2,00","-786,46",cbcfcbd5-53fc-4eb2-98d4-274967095f58
29-04-2025,20:36,HIMS & HERS HEALTH INC CLASS A,US4330001060,NSY,XNAS,-4,"36,0700",USD,"144,28",USD,"126,74","1,1384","-0,32","-2,00","124,42",fd69507b-df2c-4f05-837f-1049859b95ef
21-04-2025,20:49,TESLA INC,US88160R1014,NDQ,ARCX,1,"223,7000",USD,"-223,70",USD,"-194,13","1,1523","-0,49","-2,00","-196,62",e6cb55a9-caae-446c-b1ca-8aa66064fbbf
21-04-2025,20:45,ROBLOX CORP CLASS A,US7710491033,NSY,XNAS,-2,"59,1900",USD,"118,38",USD,"102,76","1,1520","-0,26","-2,00","100,50",96d772f1-9804-4e22-a1b7-b3a31d6369ba
21-04-2025,16:15,TESLA INC,US88160R1014,NDQ,ARCX,1,"225,5000",USD,"-225,50",USD,"-195,99","1,1506","-0,49","-2,00","-198,48",db729b9e-b599-4c63-b652-8fd11c1d9304
21-04-2025,16:04,STRATEGY INC CLASS A,US5949724083,NDQ,ARCX,-1,"320,0000",USD,"320,00",USD,"277,85","1,1517","-0,69","-2,00","275,16",7c00ff7f-bd47-42fd-acd0-bddbb185a24f
10-04-2025,15:58,VANECK MS DEVELOPED MARKETS DIV LEAD UCITS ETF,NL0011683594,EAM,XAMS,20,"39,1800",EUR,"-783,60",EUR,"-783,60",,"0,00","-1,00","-784,60",d1900cc7-8467-430a-bd4a-cddf806e277e
04-04-2025,19:43,TESLA INC,US88160R1014,NDQ,ARCX,1,"243,5000",USD,"-243,50",USD,"-222,48","1,0945","-0,56","-2,00","-225,03",f5eea708-46cb-4935-91fa-f71b3d715450
04-04-2025,17:58,HIMS & HERS HEALTH INC CLASS A,US4330001060,NSY,BATS,2,"26,2000",USD,"-52,40",USD,"-47,59","1,1010","-0,12","-2,00","-49,71",1cc3c8fa-0aef-4c54-abdd-7b132a3fdeb4
14-03-2025,15:02,HIMS & HERS HEALTH INC CLASS A,US4330001060,NSY,SOHO,2,"31,7850",USD,"-63,57",USD,"-58,44","1,0878","-0,15","-2,00","-60,59",3cd0981f-394b-4013-91e3-235a0a44e5a6
28-02-2025,15:31,TESLA INC,US88160R1014,NDQ,XNAS,2,"275,0000",USD,"-550,00",USD,"-528,34","1,0410","-1,32","-2,00","-531,66",2dbdb158-f2dc-4c60-a13a-1862dc8d2e86
25-02-2025,17:05,TESLA INC,US88160R1014,NDQ,XNAS,1,"300,5000",USD,"-300,50",USD,"-286,27","1,0497","-0,72","-2,00","-288,99",6264f37a-cf7f-40eb-afa1-9fd8ef637deb
13-02-2025,11:38,ALFEN NV,NL0012817175,EAM,XAMS,-4,"11,3850",EUR,"45,54",EUR,"45,54",,"0,00","-3,00","42,54",a3d79b72-c49a-41e7-8090-0c8ca904af57
04-02-2025,14:01,ALFEN NV,NL0012817175,EAM,XAMS,3,"14,2850",EUR,"-42,86",EUR,"-42,86",,"0,00",,"-42,86",17ed64ec-726b-423d-9cf9-378003998ab6
04-02-2025,14:01,ALFEN NV,NL0012817175,EAM,XAMS,1,"14,2850",EUR,"-14,28",EUR,"-14,28",,"0,00","-3,00","-17,28",17ed64ec-726b-423d-9cf9-378003998ab6
03-02-2025,16:28,TESLA INC,US88160R1014,NDQ,ARCX,1,"383,0000",USD,"-383,00",USD,"-371,99","1,0296","-0,93","-2,00","-374,92",0a32e3c7-2cd6-4c6f-827c-771cf219bb39
31-01-2025,15:45,TESLA INC,US88160R1014,NDQ,XNAS,24,"411,0000",USD,"-9864,00",USD,"-9510,28","1,0372","-23,78","-2,00","-9536,05",b90d68dd-2792-4634-97ff-e696c0471bb9
31-01-2025,15:41,TESLA INC,US88160R1014,NDQ,CDED,-12,"411,4550",USD,"4937,46",USD,"4761,78","1,0369","-11,90","-2,00","4747,88",ba05d5e9-10f6-463e-a6fc-b3e966be7e4d
31-01-2025,13:46,TESLA INC,US88160R1014,XET,XTXE,-11,"385,9500",EUR,"4245,45",EUR,"4245,45",,"0,00","-4,90","4240,55",fa92fb61-000c-430b-a4b6-0ce6a8307be8
29-01-2025,20:36,TESLA INC,US88160R1014,NDQ,XNAS,1,"385,0000",USD,"-385,00",USD,"-370,44","1,0393","-0,93","-2,00","-373,37",264d0465-19aa-4037-a4c8-c69128ccc99f
27-01-2025,17:09,TESLA INC,US88160R1014,NDQ,EDGX,1,"402,0000",USD,"-402,00",USD,"-382,71","1,0504","-0,96","-2,00","-385,67",bbe3fe21-179c-4310-8189-94a37f60f15e
17-01-2025,15:45,ROBLOX CORP CLASS A,US7710491033,NSY,XNAS,2,"66,2500",USD,"-132,50",USD,"-128,85","1,0283","-0,32","-2,00","-131,18",b342801a-d10c-4786-be8b-df82107499ba
08-01-2025,18:56,TESLA INC,US88160R1014,NDQ,CDED,1,"392,7400",USD,"-392,74",USD,"-381,08","1,0306","-0,95","-2,00","-384,03",13c317a2-c3c2-4d19-8812-018376d46692
02-01-2025,10:00,TESLA INC,US88160R1014,XET,XETB,1,"393,9500",EUR,"-393,95",EUR,"-393,95",,"0,00","-4,90","-398,85",4f2165d6-b6be-41ed-9f10-d705e7e2a554
20-12-2024,15:40,STRATEGY INC CLASS A,US5949724083,NDQ,XNAS,1,"333,0000",USD,"-333,00",USD,"-320,38","1,0394","-0,80","-2,00","-323,18",533ff309-9ca1-406b-99c2-9d25d52d21ba
13-12-2024,21:12,COINBASE GLOBAL INC CLASS A,US19260Q1076,NDQ,ARCX,-2,"311,2500",USD,"622,50",USD,"593,20","1,0494","-1,48","-2,00","589,72",fb46cfde-8088-4af4-94b1-ffefa868bd90
05-12-2024,15:30,COINBASE GLOBAL INC CLASS A,US19260Q1076,NDQ,ARCX,-1,"340,0000",USD,"340,00",USD,"321,42","1,0578","-0,80","-2,00","318,62",eda520cf-8d40-423f-896b-0ffbca3c30dc
04-12-2024,15:38,TESLA INC,US88160R1014,NDQ,BATS,1,"349,5000",USD,"-349,50",USD,"-333,30","1,0486","-0,83","-2,00","-336,14",1fa010be-0381-45b8-95cc-6de040e4cd02
03-12-2024,18:42,NEPTUNE DIGITAL ASSETS CORP,CA64073L1013,TDG,XGAT,-350,"0,6460",EUR,"226,10",EUR,"226,10",,"0,00","-3,90","222,20",1cb60c07-2203-42a3-af03-c64e848554e6
03-12-2024,16:35,STRATEGY INC CLASS A,US5949724083,NDQ,ARCX,-1,"384,0000",USD,"384,00",USD,"365,68","1,0501","-0,91","-2,00","362,77",c3f228e7-6d6f-455b-99a8-c43699cac537
03-12-2024,16:00,COINBASE GLOBAL INC CLASS A,US19260Q1076,NDQ,CDED,3,"308,8950",USD,"-926,68",USD,"-881,22","1,0516","-2,20","-2,00","-885,42",d08e8e7e-1af8-4d23-8de8-e74362e364b2
26-11-2024,20:23,STRATEGY INC CLASS A,US5949724083,NDQ,XNAS,1,"350,0000",USD,"-350,00",USD,"-334,55","1,0462","-0,84","-2,00","-337,38",b449c6de-73c9-4df8-be23-1ac15f9fe5f2
22-11-2024,21:46,STRATEGY INC CLASS A,US5949724083,NDQ,EDGX,1,"427,0000",USD,"-427,00",USD,"-409,95","1,0416","-1,02","-2,00","-412,97",bc1d0eef-8689-4575-adc4-cafa68cf58a3
22-11-2024,17:27,ADR ON ALIBABA GROUP HOLDING LTD,US01609W1027,NSY,CDED,-5,"82,8850",USD,"414,42",USD,"398,79","1,0392","-1,00","-2,00","395,80",1a04d3b0-a40a-41ab-b91f-369e40322db4
22-11-2024,16:35,BITDEER TECHNOLOGIES GROUP CLASS A,KYG114481008,NDQ,XNAS,-67,"11,1200",USD,"745,04",USD,"715,91","1,0407","-1,79","-2,00","712,12",64f05e73-a252-4976-91fb-5ab2bd96aa26
21-11-2024,20:40,STRATEGY INC CLASS A,US5949724083,NDQ,EDGX,1,"433,0000",USD,"-433,00",USD,"-413,13","1,0481","-1,03","-2,00","-416,16",935f2da7-c17f-4daa-b2b5-c400624a7bb4
18-11-2024,18:21,STRATEGY INC CLASS A,US5949724083,NDQ,CDED,-1,"373,5650",USD,"373,56",USD,"352,99","1,0583","-0,88","-2,00","350,11",f2ab4d0d-f591-4884-968b-bfac9aeaf43f
11-11-2024,19:56,CLEANSPARK INC,US18452B2097,NDQ,CDED,-10,"17,2250",USD,"172,25",USD,"161,72","1,0651","-0,40","-2,00","159,32",d4aeef62-a36d-415e-a961-755ccf2a4c62
07-11-2024,20:12,TESLA INC,US88160R1014,NDQ,XNAS,2,"298,7700",USD,"-597,54",USD,"-554,10","1,0784","-1,39","-2,00","-557,49",b20b0a07-2caa-4867-8baf-00aff1796097
07-11-2024,19:40,TESLA INC,US88160R1014,NDQ,BATS,2,"297,0000",USD,"-594,00",USD,"-550,05","1,0799","-1,38","-2,00","-553,43",350e8d40-fccb-4ba6-860b-c644a80f300f
07-11-2024,14:36,TESLA INC,US88160R1014,XET,JNSI,-4,"266,8500",EUR,"1067,40",EUR,"1067,40",,"0,00","-4,90","1062,50",995e9bbd-6b18-4cf6-9676-3077877af0e2
01-11-2024,20:56,STRATEGY INC CLASS A,US5949724083,NDQ,XNAS,1,"229,4000",USD,"-229,40",USD,"-211,70","1,0836","-0,53","-2,00","-214,23",409f9bf9-180f-49f5-9f26-79684fcf170f
30-10-2024,15:05,NEPTUNE DIGITAL ASSETS CORP,CA64073L1013,TDG,XGAT,100,"0,5760",EUR,"-57,60",EUR,"-57,60",,"0,00","-3,90","-61,50",7fb5ae26-8730-4f0e-865a-4a85589668a0
30-10-2024,15:02,NEPTUNE DIGITAL ASSETS CORP,CA64073L1013,TDG,XGAT,250,"0,5760",EUR,"-144,00",EUR,"-144,00",,"0,00","-3,90","-147,90",56cfd9cf-e9bd-48f8-bb87-9c1612101b86
30-10-2024,14:44,ENPHASE ENERGY INC,US29355A1079,NDQ,CDED,-13,"81,0100",USD,"1053,13",USD,"972,52","1,0829","-2,43","-2,00","968,08",b6dfb8f0-e096-413f-8d27-9736d1ad8257
25-10-2024,17:01,ENPHASE ENERGY INC,US29355A1079,NDQ,XNAS,13,"82,4900",USD,"-1072,37",USD,"-990,10","1,0831","-2,48","-2,00","-994,57",65ede41e-a011-4c95-86bc-697383110536
18-10-2024,21:50,CELULARITY INC CLASS A,US1511902041,NDQ,MEMX,-4,"2,5100",USD,"10,04",USD,"9,24","1,0864","-0,02",,"9,22",deba8902-042b-4128-89b6-07c2370745b1
18-10-2024,20:18,TESLA INC,US88160R1014,NDQ,EDGX,2,"221,3000",USD,"-442,60",USD,"-407,44","1,0863","-1,02","-2,00","-410,46",ed75b1fb-5aeb-4def-beaf-404281ece84d
18-10-2024,20:14,CELULARITY INC CLASS A,US1511902041,NDQ,MEMX,-96,"2,5100",USD,"240,96",USD,"221,84","1,0862","-0,55",,"221,28",deba8902-042b-4128-89b6-07c2370745b1
18-10-2024,20:13,CELULARITY INC CLASS A,US1511902041,NDQ,EDGX,-100,"2,5100",USD,"251,00",USD,"231,08","1,0862","-0,58","-2,00","228,50",deba8902-042b-4128-89b6-07c2370745b1
11-10-2024,19:29,TESLA INC,US88160R1014,NDQ,ARCX,1,"220,0000",USD,"-220,00",USD,"-201,02","1,0944","-0,50","-2,00","-203,53",0e7923f6-468f-4fda-be1b-833a00505932
26-09-2024,15:41,ADR ON ALIBABA GROUP HOLDING LTD,US01609W1027,NSY,JNST,-2,"102,1705",USD,"204,34",USD,"183,37","1,1144","-0,46","-2,00","180,91",0eeb5e0d-c59e-4caa-922e-9aebbe55efe2
20-09-2024,15:31,ADR ON ALIBABA GROUP HOLDING LTD,US01609W1027,NSY,XNYS,-1,"89,0400",USD,"89,04",USD,"79,79","1,1159","-0,20","-2,00","77,59",0d487486-b496-4856-b495-cf4730d48281
05-08-2024,15:40,TESLA INC,US88160R1014,NDQ,JNST,1,"191,3500",USD,"-191,35",USD,"-174,07","1,0993","-0,44","-2,00","-176,50",06b09098-0158-4cc4-844b-6a67bcdc55b0
02-08-2024,16:56,TESLA INC,US88160R1014,NDQ,EDGX,1,"210,0000",USD,"-210,00",USD,"-192,26","1,0923","-0,48","-2,00","-194,74",5453a07b-f736-41b2-ae3a-114de1404bc4
01-08-2024,20:48,CLEANSPARK INC,US18452B2097,NDQ,ARCX,10,"15,0000",USD,"-150,00",USD,"-139,08","1,0785","-0,35","-2,00","-141,43",d99b2c59-68ce-41a0-b74d-1367fa4a2b48
24-07-2024,16:45,TESLA INC,US88160R1014,NDQ,ARCX,2,"216,5000",USD,"-433,00",USD,"-398,90","1,0855","-1,00","-2,00","-401,89",53b8759d-c730-4345-bfa6-f81621b4a3c0
16-07-2024,17:43,CLEANSPARK INC,US18452B2097,NDQ,XNAS,-5,"19,7500",USD,"98,75",USD,"90,72","1,0885","-0,23","-2,00","88,49",53be4282-03ab-45a7-bf21-bea51ed86769
08-07-2024,19:01,CLEANSPARK INC,US18452B2097,NDQ,XNAS,9,"15,3100",USD,"-137,79",USD,"-127,20","1,0833","-0,32","-2,00","-129,51",8eab235e-6df9-4c96-b4f2-30b0c77b34e0
25-06-2024,21:38,BITDEER TECHNOLOGIES GROUP CLASS A,KYG114481008,NDQ,SOHO,32,"10,0000",USD,"-320,00",USD,"-298,59","1,0717","-0,75","-2,00","-301,34",bf955ee2-0512-4e67-814e-e8c30714a675
25-06-2024,15:52,BITDEER TECHNOLOGIES GROUP CLASS A,KYG114481008,NDQ,ARCX,35,"9,4000",USD,"-329,00",USD,"-307,36","1,0704","-0,77","-2,00","-310,13",a8467bb4-404b-4c79-a2d5-ff005d565c57
05-06-2024,15:31,ADR ON ALIBABA GROUP HOLDING LTD,US01609W1027,NSY,XNAS,2,"79,4800",USD,"-158,96",USD,"-145,98","1,0889","-0,36",,"-146,35",8e61b3fd-31cf-49b1-af19-4f4b56f14d9f
05-06-2024,15:31,ADR ON ALIBABA GROUP HOLDING LTD,US01609W1027,NSY,XNAS,2,"79,4800",USD,"-158,96",USD,"-145,98","1,0889","-0,36","-2,00","-148,35",8e61b3fd-31cf-49b1-af19-4f4b56f14d9f
24-05-2024,16:12,ADR ON ALIBABA GROUP HOLDING LTD,US01609W1027,NSY,XNAS,4,"80,7200",USD,"-322,88",USD,"-297,64","1,0848","-0,74","-2,00","-300,39",1a73437e-83f8-4dd9-9cf4-680d5edb311d
16-05-2024,18:38,CELULARITY INC CLASS A,US1511902041,NDQ,EDGX,100,"3,0500",USD,"-305,00",USD,"-280,49","1,0874","-0,70","-2,00","-283,19",3d2f1c25-27ed-47b0-b4c7-4497034e49ed
15-05-2024,15:38,CELULARITY INC CLASS A,US1511902041,NDQ,CDED,100,"3,7000",USD,"-370,00",USD,"-340,89","1,0854","-0,85","-2,00","-343,74",57d16890-591d-4f0e-9fcd-1ff3f6a84eb1
15-05-2024,15:36,TESLA INC,US88160R1014,NDQ,XNAS,5,"175,0000",USD,"-875,00",USD,"-806,23","1,0853","-2,02","-2,00","-810,25",9c304289-4e66-4c5d-bd3e-730148e56476
15-05-2024,10:31,VANGUARD FTSE ALL-WORLD UCITS ETF USD DIS,IE00B3RBWM25,EAM,XAMS,-11,"119,3400",EUR,"1312,74",EUR,"1312,74",,"0,00",,"1312,74",a339a301-207f-495a-80af-89e30602b57e
15-05-2024,10:31,VANGUARD FTSE ALL-WORLD UCITS ETF USD DIS,IE00B3RBWM25,EAM,XAMS,-3,"119,3400",EUR,"358,02",EUR,"358,02",,"0,00","-1,00","357,02",a339a301-207f-495a-80af-89e30602b57e
02-05-2024,15:32,CLEANSPARK INC,US18452B2097,NDQ,ARCX,30,"16,2000",USD,"-486,00",USD,"-454,29","1,0698","-1,14","-2,00","-457,43",17b6703f-2030-4ea4-962a-2966ba964ec6
02-05-2024,09:45,VANGUARD FTSE ALL-WORLD UCITS ETF USD DIS,IE00B3RBWM25,EAM,XAMS,-4,"116,1600",EUR,"464,64",EUR,"464,64",,"0,00","-1,00","463,64",7af0fe60-8574-4023-8057-8fb33d866eea
26-04-2024,16:28,CLEANSPARK INC,US18452B2097,NDQ,ARCX,13,"19,2000",USD,"-249,60",USD,"-233,38","1,0695","-0,58","-2,00","-235,96",1e4a6991-edc0-4393-bf97-c374c626a192
26-04-2024,09:57,TESLA INC,US88160R1014,XET,XETB,5,"161,4000",EUR,"-807,00",EUR,"-807,00",,"0,00","-4,90","-811,90",4d09bca1-484d-4bc5-9e21-0b1a2c90af17
26-04-2024,09:30,VANGUARD FTSE ALL-WORLD UCITS ETF USD DIS,IE00B3RBWM25,EAM,XAMS,-5,"116,3000",EUR,"581,50",EUR,"581,50",,"0,00",,"581,50",f156fbe6-f472-42d4-bd5a-f004401a227f
26-04-2024,09:29,VANGUARD FTSE ALL-WORLD UCITS ETF USD DIS,IE00B3RBWM25,EAM,XAMS,-4,"116,3000",EUR,"465,20",EUR,"465,20",,"0,00","-1,00","464,20",f156fbe6-f472-42d4-bd5a-f004401a227f
24-04-2024,16:26,CLEANSPARK INC,US18452B2097,NDQ,EDGX,5,"20,5000",USD,"-102,50",USD,"-95,79","1,0701","-0,24","-2,00","-98,03",4ec7448a-6699-4414-992b-a6493eb4b63a
24-04-2024,15:42,TESLA INC,US88160R1014,NDQ,ARCX,4,"160,0000",USD,"-640,00",USD,"-598,25","1,0698","-1,50","-2,00","-601,74",f86c6f3e-e85b-4958-b889-e124ff4c6023
22-04-2024,15:36,CLEANSPARK INC,US18452B2097,NDQ,XNAS,2,"17,2000",USD,"-34,40",USD,"-32,38","1,0625","-0,08","-2,00","-34,46",70926ff6-f577-4805-8cce-64c939346be0
18-04-2024,15:41,TESLA INC,US88160R1014,NDQ,EPRL,3,"149,5000",USD,"-448,50",USD,"-421,09","1,0651","-1,05","-2,00","-424,14",521679b2-e16d-43c7-a2dc-359f59fb746a
18-04-2024,15:40,VANGUARD FTSE ALL-WORLD UCITS ETF USD DIS,IE00B3RBWM25,EAM,XAMS,-4,"115,0800",EUR,"460,32",EUR,"460,32",,"0,00","-3,00","457,32",928241a8-2f9a-439e-a24c-24e8977e1251
08-04-2024,15:30,TESLA INC,US88160R1014,NDQ,CDED,6,"168,2725",USD,"-1009,64",USD,"-931,32","1,0841","-2,33","-2,00","-935,65",0692296e-5747-4f08-915c-9e2375b070e5
08-04-2024,10:34,VANGUARD FTSE ALL-WORLD UCITS ETF USD DIS,IE00B3RBWM25,EAM,XAMS,-1,"117,5000",EUR,"117,50",EUR,"117,50",,"0,00",,"117,50",99bccdcc-42a4-4e98-8bac-28eb351cf878
08-04-2024,10:34,VANGUARD FTSE ALL-WORLD UCITS ETF USD DIS,IE00B3RBWM25,EAM,XAMS,-3,"117,5000",EUR,"352,50",EUR,"352,50",,"0,00",,"352,50",99bccdcc-42a4-4e98-8bac-28eb351cf878
08-04-2024,10:34,VANGUARD FTSE ALL-WORLD UCITS ETF USD DIS,IE00B3RBWM25,EAM,XAMS,-1,"117,5000",EUR,"117,50",EUR,"117,50",,"0,00",,"117,50",99bccdcc-42a4-4e98-8bac-28eb351cf878
08-04-2024,10:34,VANGUARD FTSE ALL-WORLD UCITS ETF USD DIS,IE00B3RBWM25,EAM,XAMS,-3,"117,5000",EUR,"352,50",EUR,"352,50",,"0,00","-1,00","351,50",99bccdcc-42a4-4e98-8bac-28eb351cf878
05-04-2024,16:21,CLEANSPARK INC,US18452B2097,NDQ,EDGX,6,"16,2200",USD,"-97,32",USD,"-90,00","1,0813","-0,23","-2,00","-92,23",effbda5e-c5a2-4430-9aff-cba1e283356e
01-04-2024,15:58,TESLA INC,US88160R1014,NDQ,XNAS,3,"175,9000",USD,"-527,70",USD,"-489,84","1,0773","-1,22","-2,00","-493,06",750116db-3db0-48a6-8dd2-a2b89d65ee85
26-03-2024,15:27,TESLA INC,US88160R1014,NDQ,XNAS,2,"182,4500",USD,"-364,90",USD,"-336,56","1,0842","-0,84","-2,00","-339,40",09747db1-6a0d-429f-b3b2-b7396d1f8faf
22-03-2024,09:04,FRANKLIN FTSE INDIA UCITS ETF,IE00BHZRQZ17,XET,XETA,-24,"38,1950",EUR,"916,68",EUR,"916,68",,"0,00","-3,00","913,68",1859688c-bf8c-4657-bc41-05bed20c1b22
19-03-2024,16:11,CLEANSPARK INC,US18452B2097,NDQ,XNAS,7,"15,4800",USD,"-108,36",USD,"-99,80","1,0858","-0,25","-2,00","-102,05",098998f2-6894-45c3-bd2d-2f5ee54e3989
18-03-2024,10:04,TESLA INC,US88160R1014,XET,XETB,3,"154,1600",EUR,"-462,48",EUR,"-462,48",,"0,00","-4,90","-467,38",48b0a435-2be6-4fb2-9053-08786636035c
18-03-2024,09:54,TOMTOM NV,NL0013332471,EAM,XAMS,-80,"7,0750",EUR,"566,00",EUR,"566,00",,"0,00","-3,00","563,00",236b6a87-e919-415c-92f8-0de050a56e90
13-03-2024,14:30,CLEANSPARK INC,US18452B2097,NDQ,XNAS,30,"16,4600",USD,"-493,80",USD,"-451,50","1,0937","-1,13","-2,00","-454,63",ed15d73d-4aea-4293-ab98-2364ad3b6679
13-03-2024,09:04,TESLA INC,US88160R1014,XET,XETB,3,"162,9200",EUR,"-488,76",EUR,"-488,76",,"0,00","-4,90","-493,66",3f3a6930-6b15-4c8c-b4f7-aa57e6e92b0e
12-03-2024,15:38,ISHARES AUTOMATION & ROBOTICS UCITS ETF USD A,IE00BYZK4552,MIL,ETFP,-74,"12,6000",EUR,"932,40",EUR,"932,40",,"0,00",,"932,40",d911e4c3-aaeb-431c-bc90-cd70c3988bcf
12-03-2024,13:59,ISHARES AUTOMATION & ROBOTICS UCITS ETF USD A,IE00BYZK4552,MIL,ETFP,-1,"12,6000",EUR,"12,60",EUR,"12,60",,"0,00","-3,00","9,60",d911e4c3-aaeb-431c-bc90-cd70c3988bcf
06-03-2024,19:33,CLEANSPARK INC,US18452B2097,NDQ,EDGX,1,"16,9700",USD,"-16,97",USD,"-15,56","1,0906","-0,04","-2,00","-17,60",94d625c9-8e9e-48cf-9bd7-a4ec2260f257
01-03-2024,18:29,CLEANSPARK INC,US18452B2097,NDQ,SOHO,2,"17,1050",USD,"-34,21",USD,"-31,57","1,0836","-0,08","-2,00","-33,65",bd42cc9e-4508-4fae-9d17-3b1325f9d875
27-02-2024,11:41,TESLA INC,US88160R1014,XET,XTXE,3,"186,1400",EUR,"-558,42",EUR,"-558,42",,"0,00","-4,90","-563,32",c281850f-44b9-438f-b5e8-14a7df93ac5d
27-02-2024,11:03,VANGUARD FTSE ALL-WORLD UCITS ETF USD DIS,IE00B3RBWM25,EAM,XAMS,-3,"114,9400",EUR,"344,82",EUR,"344,82",,"0,00",,"344,82",956ffdb6-3a70-491c-82dd-fe13a82f89a7
27-02-2024,11:01,VANGUARD FTSE ALL-WORLD UCITS ETF USD DIS,IE00B3RBWM25,EAM,XAMS,-2,"114,9400",EUR,"229,88",EUR,"229,88",,"0,00","-3,00","226,88",956ffdb6-3a70-491c-82dd-fe13a82f89a7
26-02-2024,09:05,VANGUARD FTSE ALL-WORLD UCITS ETF USD DIS,IE00B3RBWM25,EAM,XAMS,5,"115,1000",EUR,"-575,50",EUR,"-575,50",,"0,00","-1,00","-576,50",44ecbef5-77e0-46dd-808e-ece03c0ec92e
24-01-2024,12:02,VANGUARD FTSE ALL-WORLD UCITS ETF USD DIS,IE00B3RBWM25,EAM,XAMS,3,"110,1600",EUR,"-330,48",EUR,"-330,48",,"0,00","-1,00","-331,48",f0c298a6-ea31-4919-afcf-60eada5ba72a
24-01-2024,11:56,FRANKLIN FTSE INDIA UCITS ETF,IE00BHZRQZ17,XET,XETA,4,"36,7850",EUR,"-147,14",EUR,"-147,14",,"0,00","-3,00","-150,14",c101d8a8-4448-466b-8836-ef199cab8cc7
18-01-2024,17:05,FRANKLIN FTSE INDIA UCITS ETF,IE00BHZRQZ17,XET,XETA,9,"36,8100",EUR,"-331,29",EUR,"-331,29",,"0,00",,"-331,29",0a5b41b5-63d3-4199-af32-6aa19eb9359e
18-01-2024,16:37,FRANKLIN FTSE INDIA UCITS ETF,IE00BHZRQZ17,XET,XETA,1,"36,8100",EUR,"-36,81",EUR,"-36,81",,"0,00","-3,00","-39,81",0a5b41b5-63d3-4199-af32-6aa19eb9359e
16-01-2024,10:31,WISDOMTREE PHYSICAL GOLD INDIVIDUAL SECURITIES ETC,JE00B1VS3770,EAM,XAMS,-2,"175,4100",EUR,"350,82",EUR,"350,82",,"0,00","-3,00","347,82",9214027b-06bd-4d15-b033-b23f114336a7
28-12-2023,10:02,ISHARES AUTOMATION & ROBOTICS UCITS ETF USD A,IE00BYZK4552,MIL,ETFP,45,"11,8500",EUR,"-533,25",EUR,"-533,25",,"0,00","-3,00","-536,25",222e91fa-3074-4bd2-be7c-27bc5234667f
27-12-2023,15:30,VANGUARD FTSE ALL-WORLD UCITS ETF USD DIS,IE00B3RBWM25,EAM,XAMS,5,"107,3000",EUR,"-536,50",EUR,"-536,50",,"0,00","-1,00","-537,50",36e9f53b-6153-460d-bfbf-46e8be5142f2
08-12-2023,11:08,TOMTOM NV,NL0013332471,EAM,XAMS,24,"6,3600",EUR,"-152,64",EUR,"-152,64",,"0,00",,"-152,64",5e0b7d2e-7a82-4a6a-90ad-29b1b0232ab4
08-12-2023,11:08,TOMTOM NV,NL0013332471,EAM,XAMS,16,"6,3600",EUR,"-101,76",EUR,"-101,76",,"0,00","-3,00","-104,76",5e0b7d2e-7a82-4a6a-90ad-29b1b0232ab4
08-12-2023,09:04,ISHARES DIVERSIFIED COMMODITY SWAP UCITS (DE) ETF,DE000A0H0728,XET,XETA,-20,"24,2550",EUR,"485,10",EUR,"485,10",,"0,00","-1,00","484,10",85d32b3e-d24c-4ae0-b38c-75be42124c3d
06-12-2023,14:37,AMG CRITICAL MATERIALS NV,NL0000888691,EAM,MESI,-7,"20,6600",EUR,"144,62",EUR,"144,62",,"0,00",,"144,62",a6092aa0-ae59-4f90-8de7-230159f3cdce
06-12-2023,14:37,AMG CRITICAL MATERIALS NV,NL0000888691,EAM,XAMS,-5,"20,6600",EUR,"103,30",EUR,"103,30",,"0,00","-3,00","100,30",a6092aa0-ae59-4f90-8de7-230159f3cdce
01-12-2023,09:20,TOMTOM NV,NL0013332471,EAM,XAMS,40,"6,1600",EUR,"-246,40",EUR,"-246,40",,"0,00","-3,00","-249,40",a8507d7e-c8c8-47f2-b4b6-410eb861e449
01-12-2023,09:06,FRANKLIN FTSE INDIA UCITS ETF,IE00BHZRQZ17,XET,XETA,10,"33,8750",EUR,"-338,75",EUR,"-338,75",,"0,00","-3,00","-341,75",76ea335b-6cdc-4132-a7b4-9041f7dccd81
30-11-2023,16:42,ISHARES AUTOMATION & ROBOTICS UCITS ETF USD A,IE00BYZK4552,MIL,HREU,30,"10,8940",EUR,"-326,82",EUR,"-326,82",,"0,00","-3,00","-329,82",40f2e383-ca6e-4252-80da-585cb76413e0
30-11-2023,16:38,VANGUARD FTSE EMERGING MKTS UCITS ETF USD DIS,IE00B3VVMM84,EAM,XAMS,-20,"49,5400",EUR,"990,80",EUR,"990,80",,"0,00","-1,00","989,80",9551b802-2e52-48de-a7c9-426b9b0199a2
28-11-2023,17:17,WISDOMTREE PHYSICAL GOLD INDIVIDUAL SECURITIES ETC,JE00B1VS3770,EAM,XAMS,2,"173,5300",EUR,"-347,06",EUR,"-347,06",,"0,00","-3,00","-350,06",7058fcc2-27e5-4219-b85f-ddc580ddf03d
28-11-2023,14:23,ISHARES DIVERSIFIED COMMODITY SWAP UCITS,DE000A0H0728,XET,XETA,4,"24,5000",EUR,"-98,00",EUR,"-98,00",,"0,00","-1,00","-99,00",b7154beb-51d5-4eee-9e57-1795b29c2e7b
,,(DE) ETF,,,,,,,,,,,,,,
22-11-2023,10:42,AMG CRITICAL MATERIALS NV,NL0000888691,EAM,XAMS,2,"21,1500",EUR,"-42,30",EUR,"-42,30",,"0,00","-3,00","-45,30",9cf946e1-0b37-4e4e-b168-bb12d5ba71de
14-11-2023,11:23,VANGUARD FTSE ALL-WORLD UCITS ETF USD DIS,IE00B3RBWM25,EAM,XAMS,8,"102,4800",EUR,"-819,84",EUR,"-819,84",,"0,00","-1,00","-820,84",2c158dd7-18ee-481d-98cc-bbbcb5f8383e
14-11-2023,11:22,VANGUARD FTSE ALL-WORLD UCITS - (USD) ACCUMULATING ETF,IE00BK5BQT80,XET,XETA,-4,"101,3400",EUR,"405,36",EUR,"405,36",,"0,00",,"405,36",7b8a12e3-4eec-4b55-82c5-baa0ac96e410
14-11-2023,11:22,VANGUARD FTSE ALL-WORLD UCITS - (USD) ACCUMULATING ETF,IE00BK5BQT80,XET,XETA,-4,"101,3600",EUR,"405,44",EUR,"405,44",,"0,00","-1,00","404,44",7b8a12e3-4eec-4b55-82c5-baa0ac96e410
24-10-2023,10:32,AMG CRITICAL MATERIALS NV,NL0000888691,EAM,XAMS,2,"24,2400",EUR,"-48,48",EUR,"-48,48",,"0,00","-3,00","-51,48",ff97f4c8-2daf-492e-8748-5c44760400c6
24-10-2023,10:15,VANGUARD FTSE ALL-WORLD UCITS ETF USD DIS,IE00B3RBWM25,EAM,XAMS,5,"98,9100",EUR,"-494,55",EUR,"-494,55",,"0,00","-1,00","-495,55",b5b82ef2-81d9-4ff0-bde6-12581bcb7cad
24-08-2023,15:45,VANGUARD FTSE ALL-WORLD UCITS ETF USD DIS,IE00B3RBWM25,EAM,XAMS,3,"102,4600",EUR,"-307,38",EUR,"-307,38",,"0,00","-1,00","-308,38",c010bb8a-7105-4555-a317-224ddcc789b7
27-07-2023,10:04,VANGUARD FTSE EMERGING MKTS UCITS ETF USD DIS,IE00B3VVMM84,EAM,XAMS,7,"51,6000",EUR,"-361,20",EUR,"-361,20",,"0,00","-1,00","-362,20",524766f9-eacf-4882-84e4-6bb3a1f7a257
27-07-2023,09:37,AMG CRITICAL MATERIALS NV,NL0000888691,EAM,XAMS,2,"40,2000",EUR,"-80,40",EUR,"-80,40",,"0,00","-3,00","-83,40",75cd3300-730f-42be-8cd0-33cc77d49bca
23-06-2023,15:08,VANGUARD FTSE ALL-WORLD UCITS ETF USD DIS,IE00B3RBWM25,EAM,XAMS,5,"100,6200",EUR,"-503,10",EUR,"-503,10",,"0,00","-1,00","-504,10",90fe9c2e-4220-4c1c-813d-fbca9dfc3002
24-05-2023,09:10,VANGUARD FTSE ALL-WORLD UCITS - (USD) ACCUMULATING ETF,IE00BK5BQT80,XET,XETA,6,"97,0700",EUR,"-582,42",EUR,"-582,42",,"0,00","-1,00","-583,42",afb7f829-48c0-4b26-aa58-8da6462bb405
25-04-2023,09:04,VANGUARD FTSE ALL-WORLD UCITS - (USD) ACCUMULATING ETF,IE00BK5BQT80,XET,XETA,2,"94,7700",EUR,"-189,54",EUR,"-189,54",,"0,00",,"-189,54",4fb968ce-46c0-4200-a9fa-8af9b673dd70
25-04-2023,09:04,ISHARES DIVERSIFIED COMMODITY SWAP UCITS (DE) ETF,DE000A0H0728,XET,XETA,8,"24,8650",EUR,"-198,92",EUR,"-198,92",,"0,00",,"-198,92",b23abd0d-75d3-47e4-b897-97d6b6444587
25-04-2023,09:04,VANGUARD FTSE EMERGING MKTS UCITS ETF USD DIS,IE00B3VVMM84,EAM,XAMS,3,"48,5100",EUR,"-145,53",EUR,"-145,53",,"0,00",,"-145,53",500f074e-9b11-4cd7-90cc-2c5f37806d5d
24-03-2023,14:33,ISHARES DIVERSIFIED COMMODITY SWAP UCITS (DE) ETF,DE000A0H0728,XET,XETA,5,"24,6100",EUR,"-123,05",EUR,"-123,05",,"0,00",,"-123,05",450bcd4f-8751-4ecc-ad74-b2268ddff413
24-03-2023,14:32,VANGUARD FTSE EMERGING MKTS UCITS ETF USD DIS,IE00B3VVMM84,EAM,XAMS,4,"49,8000",EUR,"-199,20",EUR,"-199,20",,"0,00",,"-199,20",b3cb0b10-c5b4-46f7-abbc-43dc9a2ec88a
24-03-2023,14:31,VANGUARD FTSE ALL-WORLD UCITS ETF USD DIS,IE00B3RBWM25,EAM,XAMS,4,"94,5900",EUR,"-378,36",EUR,"-378,36",,"0,00",,"-378,36",9e533466-e71a-4fc8-9616-8ec3a3b1c61b
08-02-2023,09:21,VANGUARD FTSE ALL-WORLD UCITS ETF USD DIS,IE00B3RBWM25,EAM,XAMS,1,"99,9900",EUR,"-99,99",EUR,"-99,99",,"0,00",,"-99,99",fd62cf69-2554-4fc5-b96c-71f4e027c7ce
06-02-2023,09:05,VANGUARD FTSE EMERGING MKTS UCITS ETF USD DIS,IE00B3VVMM84,EAM,XAMS,6,"52,0300",EUR,"-312,18",EUR,"-312,18",,"0,00",,"-312,18",168f41b9-5e32-40a4-a88a-e2d72e37c7f0
03-02-2023,16:51,ISHARES DIVERSIFIED COMMODITY SWAP UCITS (DE) ETF,DE000A0H0728,XET,XETA,3,"25,6650",EUR,"-77,00",EUR,"-77,00",,"0,00",,"-77,00",91d3ff22-a80e-4593-8d96-dc9afe4e8e2d
03-02-2023,09:00,AMG CRITICAL MATERIALS NV,NL0000888691,EAM,XAMS,3,"34,6200",EUR,"-103,86",EUR,"-103,86",,"0,00","-3,00","-106,86",e5b33519-2bd3-4c47-abd3-08b5f6d98749
30-01-2023,09:05,VANGUARD FTSE ALL-WORLD UCITS ETF USD DIS,IE00B3RBWM25,EAM,XAMS,4,"97,5700",EUR,"-390,28",EUR,"-390,28",,"0,00",,"-390,28",0dcbdb7f-c2dc-46df-81ef-34784eb6d208
30-01-2023,09:00,AMG CRITICAL MATERIALS NV,NL0000888691,EAM,XAMS,3,"35,3400",EUR,"-106,02",EUR,"-106,02",,"0,00","-3,00","-109,02",d7b8b0f8-6b69-48ba-95b4-7e28c2d92c47
28-11-2022,11:48,VANGUARD FTSE ALL-WORLD UCITS ETF USD DIS,IE00B3RBWM25,EAM,XAMS,1,"97,4600",EUR,"-97,46",EUR,"-97,46",,"0,00",,"-97,46",b00e833c-8e3b-412c-8ed9-82de97c7fb0d
